scenario,trawl_min,trawl_max,slow_max,min_haul_min,days_with_data,trawl_hours,transit_hours,maneuver_hours,idle_hours,gap_hours,trawl_share_%,transit_share_%,maneuver_share_%,idle_share_%,avg_trawl_hours_per_day,avg_transit_hours_per_day,avg_idle_hours_per_day,total_hauls,avg_hauls_per_day,avg_haul_hours,median_haul_hours,total_distance_nm,trawl_distance_nm,transit_distance_nm,mean_trawl_depth_m,data_coverage_%
strict,3.0,4.5,1.5,90,6,32.5,64.0,22.0,24.5,0.0,22.727272727272727,44.75524475524475,15.384615384615385,17.132867132867133,5.416666666666667,10.666666666666666,4.083333333333333,1,0.16666666666666666,3.0,3.0,789.8921803190785,120.06832904021819,543.1664689007392,,100.0
base,2.5,5.0,1.5,60,6,44.5,57.0,17.0,24.5,0.0,31.11888111888112,39.86013986013986,11.888111888111888,17.132867132867133,7.416666666666667,9.5,4.083333333333333,6,1.0,2.6666666666666665,2.5,789.8921803190785,166.80440215594126,508.60330946067506,,100.0
soft,2.0,5.5,1.0,45,6,60.5,49.0,14.0,19.5,0.0,42.30769230769231,34.26573426573427,9.79020979020979,13.636363636363637,10.083333333333334,8.166666666666666,3.25,9,1.5,3.4444444444444446,3.0,789.8921803190785,236.16208353140948,475.59538363074824,,100.0
